participantId,group,lecture_type,practice_type,trialId,responseId,question_label,responsePrompt,answer,score,coder_notes,duration,cleanedDuration
5e0b388b15ef4037cebdecc9,CC,Control,Control,connection-making,q-different,How slope and correlation are different,Please list as many ways slope and correlation are different as you can think of.,"The slope shows the trend, and the correlation shows the relationship.",NA,NA,147727,147727
5e0b388b15ef4037cebdecc9,CC,Control,Control,connection-making,q-same,How slope and correlation are the same,Please list as many ways slope and correlation are the same as you can think of.,They move together.,NA,NA,147727,147727
5e0b388b15ef4037cebdecc9,CC,Control,Control,connection-making,switch-question-response-a,Switch X/Y: correlation,"Let’s say a researcher has a correlation of .5 and a slope of .25. If they switched X and Y.

a. What would happen to the correlation?",I don't know.  I am stupid.,NA,NA,147727,147727
5e0b388b15ef4037cebdecc9,CC,Control,Control,connection-making,switch-question-response-b,Switch X/Y: slope,b. What would happen to the slope?,I don't know.  I never felt so stupid in my life.,NA,NA,147727,147727
64012ee6e3f2e59aaa36f718,CC,Control,Control,connection-making,q-different,How slope and correlation are different,Please list as many ways slope and correlation are different as you can think of.,Correlation shows if the data is positive negative or zero while the slope tells how far apart the scattered dots are,NA,NA,152900,152900
64012ee6e3f2e59aaa36f718,CC,Control,Control,connection-making,q-same,How slope and correlation are the same,Please list as many ways slope and correlation are the same as you can think of.,"They both represent a set of data, they both show how the data is distributed",NA,NA,152900,152900
64012ee6e3f2e59aaa36f718,CC,Control,Control,connection-making,switch-question-response-a,Switch X/Y: correlation,"Let’s say a researcher has a correlation of .5 and a slope of .25. If they switched X and Y.

a. What would happen to the correlation?",I would say the correlation would be negative because the number is decreasing,NA,NA,152900,152900
64012ee6e3f2e59aaa36f718,CC,Control,Control,connection-making,switch-question-response-b,Switch X/Y: slope,b. What would happen to the slope?,I would say the slope would trend downwards again because the number decreased,NA,NA,152900,152900
6448503fab8d495eb76b51b0,CC,Control,Control,connection-making,q-different,How slope and correlation are different,Please list as many ways slope and correlation are different as you can think of.,"the correlation can negative and positive, the slope is always a positive number",NA,NA,151509,151509
6448503fab8d495eb76b51b0,CC,Control,Control,connection-making,q-same,How slope and correlation are the same,Please list as many ways slope and correlation are the same as you can think of.,"it there IS a correlation, there will be a slope, the higher the correlation, the closer the slope",NA,NA,151509,151509
6448503fab8d495eb76b51b0,CC,Control,Control,connection-making,switch-question-response-a,Switch X/Y: correlation,"Let’s say a researcher has a correlation of .5 and a slope of .25. If they switched X and Y.

a. What would happen to the correlation?",it wouold change to a negative correlation,NA,NA,151509,151509
6448503fab8d495eb76b51b0,CC,Control,Control,connection-making,switch-question-response-b,Switch X/Y: slope,b. What would happen to the slope?,nothing would just invert,NA,NA,151509,151509
65ccca52871269168cc029b5,CC,Control,Control,connection-making,q-different,How slope and correlation are different,Please list as many ways slope and correlation are different as you can think of.,Slope is the decline or incline of the line on the graph and correlation is how far the points are from the line,NA,NA,134056,134056
65ccca52871269168cc029b5,CC,Control,Control,connection-making,q-same,How slope and correlation are the same,Please list as many ways slope and correlation are the same as you can think of.,They're not the same... I don't know how to answer this question,NA,NA,134056,134056
65ccca52871269168cc029b5,CC,Control,Control,connection-making,switch-question-response-a,Switch X/Y: correlation,"Let’s say a researcher has a correlation of .5 and a slope of .25. If they switched X and Y.

a. What would happen to the correlation?",The correlation would remain the same but maybe be negative,NA,NA,134056,134056
65ccca52871269168cc029b5,CC,Control,Control,connection-making,switch-question-response-b,Switch X/Y: slope,b. What would happen to the slope?,The slope would remain the same but I actually don't know.,NA,NA,134056,134056
663eb286696a0a72e8f06e0f,CC,Control,Control,connection-making,q-different,How slope and correlation are different,Please list as many ways slope and correlation are different as you can think of.,I don't understand the question,NA,NA,201985,201985
663eb286696a0a72e8f06e0f,CC,Control,Control,connection-making,q-same,How slope and correlation are the same,Please list as many ways slope and correlation are the same as you can think of.,the would both have to be 1,NA,NA,201985,201985
663eb286696a0a72e8f06e0f,CC,Control,Control,connection-making,switch-question-response-a,Switch X/Y: correlation,"Let’s say a researcher has a correlation of .5 and a slope of .25. If they switched X and Y.

a. What would happen to the correlation?",the correlation would stay the same,NA,NA,201985,201985
663eb286696a0a72e8f06e0f,CC,Control,Control,connection-making,switch-question-response-b,Switch X/Y: slope,b. What would happen to the slope?,the slop does change,NA,NA,201985,201985
6985cae61f4f48abdf956530,CC,Control,Control,connection-making,q-different,How slope and correlation are different,Please list as many ways slope and correlation are different as you can think of.,They are completely different.  One value (slope) tells us the change in values within an entire data set or from one specific vale top another.  Correlation tells us how adjacent a value on one axis is to a value on the other axis.,NA,NA,503174,503174
6985cae61f4f48abdf956530,CC,Control,Control,connection-making,q-same,How slope and correlation are the same,Please list as many ways slope and correlation are the same as you can think of.,I honestly dont see how they are related at all.  They tell us two entirely different things about the same set of data.,NA,NA,503174,503174
6985cae61f4f48abdf956530,CC,Control,Control,connection-making,switch-question-response-a,Switch X/Y: correlation,"Let’s say a researcher has a correlation of .5 and a slope of .25. If they switched X and Y.

a. What would happen to the correlation?",I truly dont know.  Intutively it seems it would stay roughly the same.  If I saw a graph I might could tell you.,NA,NA,503174,503174
6985cae61f4f48abdf956530,CC,Control,Control,connection-making,switch-question-response-b,Switch X/Y: slope,b. What would happen to the slope?,"Exact same answer.  I am just not sure without seeing the actual graph.  The numbers part of this is the most confusing piece.  Which, since this is statistics, that is a problem.",NA,NA,503174,503174
698b661701f0981576ed9dec,CC,Control,Control,connection-making,q-different,How slope and correlation are different,Please list as many ways slope and correlation are different as you can think of.,I don't know how to answer this question,NA,NA,199794,199794
698b661701f0981576ed9dec,CC,Control,Control,connection-making,q-same,How slope and correlation are the same,Please list as many ways slope and correlation are the same as you can think of.,I don't know how to answer this question.,NA,NA,199794,199794
698b661701f0981576ed9dec,CC,Control,Control,connection-making,switch-question-response-a,Switch X/Y: correlation,"Let’s say a researcher has a correlation of .5 and a slope of .25. If they switched X and Y.

a. What would happen to the correlation?",the correlation would stay the same and the slope would change.,NA,NA,199794,199794
698b661701f0981576ed9dec,CC,Control,Control,connection-making,switch-question-response-b,Switch X/Y: slope,b. What would happen to the slope?,it would change,NA,NA,199794,199794
69991d70dd2583a349d03468,CC,Control,Control,connection-making,q-different,How slope and correlation are different,Please list as many ways slope and correlation are different as you can think of.,they measure 2 different things,NA,NA,93273,93273
69991d70dd2583a349d03468,CC,Control,Control,connection-making,q-same,How slope and correlation are the same,Please list as many ways slope and correlation are the same as you can think of.,"both are measurements, both are in relation to graphs",NA,NA,93273,93273
69991d70dd2583a349d03468,CC,Control,Control,connection-making,switch-question-response-a,Switch X/Y: correlation,"Let’s say a researcher has a correlation of .5 and a slope of .25. If they switched X and Y.

a. What would happen to the correlation?",correlation would increase I think,NA,NA,93273,93273
69991d70dd2583a349d03468,CC,Control,Control,connection-making,switch-question-response-b,Switch X/Y: slope,b. What would happen to the slope?,slope would stay the same I think,NA,NA,93273,93273
699a436ee9032e2b2333d3c1,CC,Control,Control,connection-making,q-different,How slope and correlation are different,Please list as many ways slope and correlation are different as you can think of.,"correlation measure direction and strength while slope measure rate of change, correlation values is between -1 and 1 while slope is not, correlation is unitless while slope has units.",NA,NA,294689,294689
699a436ee9032e2b2333d3c1,CC,Control,Control,connection-making,q-same,How slope and correlation are the same,Please list as many ways slope and correlation are the same as you can think of.,"Both describe a relationship, Both use the same data, if slope is 0 correlation is also 0, the sign of the slope and correlation is always the same.",NA,NA,294689,294689
699a436ee9032e2b2333d3c1,CC,Control,Control,connection-making,switch-question-response-a,Switch X/Y: correlation,"Let’s say a researcher has a correlation of .5 and a slope of .25. If they switched X and Y.

a. What would happen to the correlation?",Correlation would stay the same,NA,NA,294689,294689
699a436ee9032e2b2333d3c1,CC,Control,Control,connection-making,switch-question-response-b,Switch X/Y: slope,b. What would happen to the slope?,The slope would become steeper it would be greater than .25 no sign change.,NA,NA,294689,294689
69b5d74131631c0333607bec,CC,Control,Control,connection-making,q-different,How slope and correlation are different,Please list as many ways slope and correlation are different as you can think of.,"Slope and correlation are different because slope has units (unit of y / unit of x) while correlation is unitless, slope has infinite range while correlation ranges from -1 to 1, and correlation doesn't change when you swap x and y while slope does.",NA,NA,362922,362922
69b5d74131631c0333607bec,CC,Control,Control,connection-making,q-same,How slope and correlation are the same,Please list as many ways slope and correlation are the same as you can think of.,"Slope and correlation are the same because both describe the relationship between variables, involve direction, and are related to change in y over change in x.",NA,NA,362922,362922
69b5d74131631c0333607bec,CC,Control,Control,connection-making,switch-question-response-a,Switch X/Y: correlation,"Let’s say a researcher has a correlation of .5 and a slope of .25. If they switched X and Y.

a. What would happen to the correlation?",Correlation would stay the same since the variables themselves aren't changing.,NA,NA,362922,362922
69b5d74131631c0333607bec,CC,Control,Control,connection-making,switch-question-response-b,Switch X/Y: slope,b. What would happen to the slope?,"Since the slope is 0 < (m = 0.25) < 1, switching X and Y would cause the slope to positively increase.",NA,NA,362922,362922
69bad0d8d699e854ef8e8184,CC,Control,Control,connection-making,q-different,How slope and correlation are different,Please list as many ways slope and correlation are different as you can think of.,"correlation can be stronger or weaker, while slope can only be bigger or smaller",NA,NA,280528,280528
69bad0d8d699e854ef8e8184,CC,Control,Control,connection-making,q-same,How slope and correlation are the same,Please list as many ways slope and correlation are the same as you can think of.,both tell us about the relationship between two things. both can be positive or negative. both us the line of best fit as an averaging point,NA,NA,280528,280528
69bad0d8d699e854ef8e8184,CC,Control,Control,connection-making,switch-question-response-a,Switch X/Y: correlation,"Let’s say a researcher has a correlation of .5 and a slope of .25. If they switched X and Y.

a. What would happen to the correlation?",it would stay the same,NA,NA,280528,280528
69bad0d8d699e854ef8e8184,CC,Control,Control,connection-making,switch-question-response-b,Switch X/Y: slope,b. What would happen to the slope?,it would change,NA,NA,280528,280528
69c440c36f9c43fe1266a56b,CC,Control,Control,connection-making,q-different,How slope and correlation are different,Please list as many ways slope and correlation are different as you can think of.,correlation can be with slope but slope cannot be correlation,NA,NA,80559,80559
69c440c36f9c43fe1266a56b,CC,Control,Control,connection-making,q-same,How slope and correlation are the same,Please list as many ways slope and correlation are the same as you can think of.,correlation to me is that it hugs the line which is slope but slope cannot be correlation but it can bump up to it or be surrounded,NA,NA,80559,80559
69c440c36f9c43fe1266a56b,CC,Control,Control,connection-making,switch-question-response-a,Switch X/Y: correlation,"Let’s say a researcher has a correlation of .5 and a slope of .25. If they switched X and Y.

a. What would happen to the correlation?",the correlation would stay the same,NA,NA,80559,80559
69c440c36f9c43fe1266a56b,CC,Control,Control,connection-making,switch-question-response-b,Switch X/Y: slope,b. What would happen to the slope?,the slope would decrease,NA,NA,80559,80559
69c59eeb6b373bc928a1aba9,CC,Control,Control,connection-making,q-different,How slope and correlation are different,Please list as many ways slope and correlation are different as you can think of.,"- slope is measuring the rate of change and correlation is measuring the relationship 
",NA,NA,282124,282124
69c59eeb6b373bc928a1aba9,CC,Control,Control,connection-making,q-same,How slope and correlation are the same,Please list as many ways slope and correlation are the same as you can think of.,"- can be measured on a graph
- are used to collect data efficiently 
- can be negative or positive 
- both can equal zero",NA,NA,282124,282124
69c59eeb6b373bc928a1aba9,CC,Control,Control,connection-making,switch-question-response-a,Switch X/Y: correlation,"Let’s say a researcher has a correlation of .5 and a slope of .25. If they switched X and Y.

a. What would happen to the correlation?",it would be negative,NA,NA,282124,282124
69c59eeb6b373bc928a1aba9,CC,Control,Control,connection-making,switch-question-response-b,Switch X/Y: slope,b. What would happen to the slope?,it would be negative .25??,NA,NA,282124,282124
69d5bc72bf90388665397b6e,CC,Control,Control,connection-making,q-different,How slope and correlation are different,Please list as many ways slope and correlation are different as you can think of.,"correlation is how two variables relate to each other, and then the slope just gives an average of all your data points",NA,NA,158458,158458
69d5bc72bf90388665397b6e,CC,Control,Control,connection-making,q-same,How slope and correlation are the same,Please list as many ways slope and correlation are the same as you can think of.,they both have to do with how two variables relate to each other. they are also quantified using a similar number system. they are both shown on a graph/scatterplot,NA,NA,158458,158458
69d5bc72bf90388665397b6e,CC,Control,Control,connection-making,switch-question-response-a,Switch X/Y: correlation,"Let’s say a researcher has a correlation of .5 and a slope of .25. If they switched X and Y.

a. What would happen to the correlation?",the correlation would remain the same,NA,NA,158458,158458
69d5bc72bf90388665397b6e,CC,Control,Control,connection-making,switch-question-response-b,Switch X/Y: slope,b. What would happen to the slope?,it would change signs,NA,NA,158458,158458
69e293f57120947b9a8408de,CC,Control,Control,connection-making,q-different,How slope and correlation are different,Please list as many ways slope and correlation are different as you can think of.,"correlation is unitless slope has units
correlation measure strength of relationship, slope measures rate of change",NA,NA,285347,285347
69e293f57120947b9a8408de,CC,Control,Control,connection-making,q-same,How slope and correlation are the same,Please list as many ways slope and correlation are the same as you can think of.,"both describe linear equation
both have same sign",NA,NA,285347,285347
69e293f57120947b9a8408de,CC,Control,Control,connection-making,switch-question-response-a,Switch X/Y: correlation,"Let’s say a researcher has a correlation of .5 and a slope of .25. If they switched X and Y.

a. What would happen to the correlation?",correlation does not change when X and Y are switched,NA,NA,285347,285347
69e293f57120947b9a8408de,CC,Control,Control,connection-making,switch-question-response-b,Switch X/Y: slope,b. What would happen to the slope?,New slope is equal to zero,NA,NA,285347,285347
69e7ac40430645b3492b7f1b,CC,Control,Control,connection-making,q-different,How slope and correlation are different,Please list as many ways slope and correlation are different as you can think of.,slope is a visual and correlation is the data,NA,NA,98076,98076
69e7ac40430645b3492b7f1b,CC,Control,Control,connection-making,q-same,How slope and correlation are the same,Please list as many ways slope and correlation are the same as you can think of.,slope is typically used in relation to correlation as slopes help represent or interpret the relation of data or physical things. correlation is typically used in conversation or data sheets to also determine the relation of things.,NA,NA,98076,98076
69e7ac40430645b3492b7f1b,CC,Control,Control,connection-making,switch-question-response-a,Switch X/Y: correlation,"Let’s say a researcher has a correlation of .5 and a slope of .25. If they switched X and Y.

a. What would happen to the correlation?",the correlation would be weaker because .25 is less than .5.,NA,NA,98076,98076
69e7ac40430645b3492b7f1b,CC,Control,Control,connection-making,switch-question-response-b,Switch X/Y: slope,b. What would happen to the slope?,the slope would increase,NA,NA,98076,98076
69e96cde65aa9df15260c718,CC,Control,Control,connection-making,q-different,How slope and correlation are different,Please list as many ways slope and correlation are different as you can think of.,"correalation is group, slope is direction.",NA,NA,96506,96506
69e96cde65aa9df15260c718,CC,Control,Control,connection-making,q-same,How slope and correlation are the same,Please list as many ways slope and correlation are the same as you can think of.,no idea,NA,NA,96506,96506
69e96cde65aa9df15260c718,CC,Control,Control,connection-making,switch-question-response-a,Switch X/Y: correlation,"Let’s say a researcher has a correlation of .5 and a slope of .25. If they switched X and Y.

a. What would happen to the correlation?",it would be slightly more apart but value would stay the same,NA,NA,96506,96506
69e96cde65aa9df15260c718,CC,Control,Control,connection-making,switch-question-response-b,Switch X/Y: slope,b. What would happen to the slope?,it would stay at the same alignment but be rising at a lower rate.,NA,NA,96506,96506
69e9f6a993985bfec2114d70,CC,Control,Control,connection-making,q-different,How slope and correlation are different,Please list as many ways slope and correlation are different as you can think of.,they dont have the same rate.,NA,NA,94542,94542
69e9f6a993985bfec2114d70,CC,Control,Control,connection-making,q-same,How slope and correlation are the same,Please list as many ways slope and correlation are the same as you can think of.,they follow each other and changes if one changes.,NA,NA,94542,94542
69e9f6a993985bfec2114d70,CC,Control,Control,connection-making,switch-question-response-a,Switch X/Y: correlation,"Let’s say a researcher has a correlation of .5 and a slope of .25. If they switched X and Y.

a. What would happen to the correlation?",I dont have a clue,NA,NA,94542,94542
69e9f6a993985bfec2114d70,CC,Control,Control,connection-making,switch-question-response-b,Switch X/Y: slope,b. What would happen to the slope?,my best guess would be it would be positive,NA,NA,94542,94542
69eae5f4f5ce43d5a34d388f,CC,Control,Control,connection-making,q-different,How slope and correlation are different,Please list as many ways slope and correlation are different as you can think of.,correlation can be absolutely anywhere on the map,NA,NA,102993,102993
69eae5f4f5ce43d5a34d388f,CC,Control,Control,connection-making,q-same,How slope and correlation are the same,Please list as many ways slope and correlation are the same as you can think of.,"the slope goes in the same direction as correlation, usually",NA,NA,102993,102993
69eae5f4f5ce43d5a34d388f,CC,Control,Control,connection-making,switch-question-response-a,Switch X/Y: correlation,"Let’s say a researcher has a correlation of .5 and a slope of .25. If they switched X and Y.

a. What would happen to the correlation?",it would stay about the same?,NA,NA,102993,102993
69eae5f4f5ce43d5a34d388f,CC,Control,Control,connection-making,switch-question-response-b,Switch X/Y: slope,b. What would happen to the slope?,it would stay the same also?,NA,NA,102993,102993
69ecc0e01df33a8b5fa811f2,CC,Control,Control,connection-making,q-different,How slope and correlation are different,Please list as many ways slope and correlation are different as you can think of.,im honestly not sure.,NA,NA,47577,47577
69ecc0e01df33a8b5fa811f2,CC,Control,Control,connection-making,q-same,How slope and correlation are the same,Please list as many ways slope and correlation are the same as you can think of.,i honestly have no clue.,NA,NA,47577,47577
69ecc0e01df33a8b5fa811f2,CC,Control,Control,connection-making,switch-question-response-a,Switch X/Y: correlation,"Let’s say a researcher has a correlation of .5 and a slope of .25. If they switched X and Y.

a. What would happen to the correlation?",i think it would go up,NA,NA,47577,47577
69ecc0e01df33a8b5fa811f2,CC,Control,Control,connection-making,switch-question-response-b,Switch X/Y: slope,b. What would happen to the slope?,go down.,NA,NA,47577,47577
5d88db42c1d06e001a1fdcab,CP,Control,PlotWise,connection-making,q-different,How slope and correlation are different,Please list as many ways slope and correlation are different as you can think of.,slope is more associated with the y axis,NA,NA,63550,63550
5d88db42c1d06e001a1fdcab,CP,Control,PlotWise,connection-making,q-same,How slope and correlation are the same,Please list as many ways slope and correlation are the same as you can think of.,I have no idea.,NA,NA,63550,63550
5d88db42c1d06e001a1fdcab,CP,Control,PlotWise,connection-making,switch-question-response-a,Switch X/Y: correlation,"Let’s say a researcher has a correlation of .5 and a slope of .25. If they switched X and Y.

a. What would happen to the correlation?",I think the slope would change but I have no idea.,NA,NA,63550,63550
5d88db42c1d06e001a1fdcab,CP,Control,PlotWise,connection-making,switch-question-response-b,Switch X/Y: slope,b. What would happen to the slope?,I think it would decrease?,NA,NA,63550,63550
66b68e2b2c21a7ed557cf866,CP,Control,PlotWise,connection-making,q-different,How slope and correlation are different,Please list as many ways slope and correlation are different as you can think of.,I cannot think of any. This is really confusing to me and it would be helpful to be able to reference the bullet points from the lesson.,NA,NA,177895,177895
66b68e2b2c21a7ed557cf866,CP,Control,PlotWise,connection-making,q-same,How slope and correlation are the same,Please list as many ways slope and correlation are the same as you can think of.,Correlation means plots are closer together and slope can be more evenly distributed,NA,NA,177895,177895
66b68e2b2c21a7ed557cf866,CP,Control,PlotWise,connection-making,switch-question-response-a,Switch X/Y: correlation,"Let’s say a researcher has a correlation of .5 and a slope of .25. If they switched X and Y.

a. What would happen to the correlation?",Correlation would go down,NA,NA,177895,177895
66b68e2b2c21a7ed557cf866,CP,Control,PlotWise,connection-making,switch-question-response-b,Switch X/Y: slope,b. What would happen to the slope?,Slope would be about the same,NA,NA,177895,177895
66ba9cd5343e159bdc8691ad,CP,Control,PlotWise,connection-making,q-different,How slope and correlation are different,Please list as many ways slope and correlation are different as you can think of.,"When flipping the x and y, correlation stays the same, but slope changes.",NA,NA,65435,65435
66ba9cd5343e159bdc8691ad,CP,Control,PlotWise,connection-making,q-same,How slope and correlation are the same,Please list as many ways slope and correlation are the same as you can think of.,They do both tie in to change and relations.,NA,NA,65435,65435
66ba9cd5343e159bdc8691ad,CP,Control,PlotWise,connection-making,switch-question-response-a,Switch X/Y: correlation,"Let’s say a researcher has a correlation of .5 and a slope of .25. If they switched X and Y.

a. What would happen to the correlation?",It would stay the same,NA,NA,65435,65435
66ba9cd5343e159bdc8691ad,CP,Control,PlotWise,connection-making,switch-question-response-b,Switch X/Y: slope,b. What would happen to the slope?,It would change,NA,NA,65435,65435
66c4f3cb14cbfc4db836bd4e,CP,Control,PlotWise,connection-making,q-different,How slope and correlation are different,Please list as many ways slope and correlation are different as you can think of.,"Sometimes if the dots are spread out, the slope could be going, for example, negatively, but the correlation could mean something different.",NA,NA,104126,104126
66c4f3cb14cbfc4db836bd4e,CP,Control,PlotWise,connection-making,q-same,How slope and correlation are the same,Please list as many ways slope and correlation are the same as you can think of.,I think that when the slope is changed for example to a positive direction than the correlation will be positive.,NA,NA,104126,104126
66c4f3cb14cbfc4db836bd4e,CP,Control,PlotWise,connection-making,switch-question-response-a,Switch X/Y: correlation,"Let’s say a researcher has a correlation of .5 and a slope of .25. If they switched X and Y.

a. What would happen to the correlation?",I think it could change it to a negative slope.,NA,NA,104126,104126
66c4f3cb14cbfc4db836bd4e,CP,Control,PlotWise,connection-making,switch-question-response-b,Switch X/Y: slope,b. What would happen to the slope?,It would turn to a negative slope,NA,NA,104126,104126
676276312d87ec9601be7d5c,CP,Control,PlotWise,connection-making,q-different,How slope and correlation are different,Please list as many ways slope and correlation are different as you can think of.,"scale and units, range, symmetry, what they measure",NA,NA,1034889,1034889
676276312d87ec9601be7d5c,CP,Control,PlotWise,connection-making,q-same,How slope and correlation are the same,Please list as many ways slope and correlation are the same as you can think of.,"Direction, linearity, standardization, predictive links",NA,NA,1034889,1034889
676276312d87ec9601be7d5c,CP,Control,PlotWise,connection-making,switch-question-response-a,Switch X/Y: correlation,"Let’s say a researcher has a correlation of .5 and a slope of .25. If they switched X and Y.

a. What would happen to the correlation?",The correlation would stay exactly the same 0.5,NA,NA,1034889,1034889
676276312d87ec9601be7d5c,CP,Control,PlotWise,connection-making,switch-question-response-b,Switch X/Y: slope,b. What would happen to the slope?,if you switch x and y the slope isd going to change it will be the reciprocal of the original slope from.25 to 4.o,NA,NA,1034889,1034889
67a8ef6331f586a361a8ec33,CP,Control,PlotWise,connection-making,q-different,How slope and correlation are different,Please list as many ways slope and correlation are different as you can think of.,"correlation is bounded between -1 and 1.
correlation is dimensionless slope has units",NA,NA,118776,118776
67a8ef6331f586a361a8ec33,CP,Control,PlotWise,connection-making,q-same,How slope and correlation are the same,Please list as many ways slope and correlation are the same as you can think of.,"both indicate the direction of the relationship
both are 0 if no linear relationship",NA,NA,118776,118776
67a8ef6331f586a361a8ec33,CP,Control,PlotWise,connection-making,switch-question-response-a,Switch X/Y: correlation,"Let’s say a researcher has a correlation of .5 and a slope of .25. If they switched X and Y.

a. What would happen to the correlation?",the correclation remains exactly the same 0.5 as it measures the strenghth of the relationship,NA,NA,118776,118776
67a8ef6331f586a361a8ec33,CP,Control,PlotWise,connection-making,switch-question-response-b,Switch X/Y: slope,b. What would happen to the slope?,the slope would change. it becomes the reciprocal of the original,NA,NA,118776,118776
67eec9e200be02ad51843d9b,CP,Control,PlotWise,connection-making,q-different,How slope and correlation are different,Please list as many ways slope and correlation are different as you can think of.,negative or positive?,NA,NA,103585,103585
67eec9e200be02ad51843d9b,CP,Control,PlotWise,connection-making,q-same,How slope and correlation are the same,Please list as many ways slope and correlation are the same as you can think of.,the points create the slope and spread out they create the correlation?,NA,NA,103585,103585
67eec9e200be02ad51843d9b,CP,Control,PlotWise,connection-making,switch-question-response-a,Switch X/Y: correlation,"Let’s say a researcher has a correlation of .5 and a slope of .25. If they switched X and Y.

a. What would happen to the correlation?",it would be negative?,NA,NA,103585,103585
67eec9e200be02ad51843d9b,CP,Control,PlotWise,connection-making,switch-question-response-b,Switch X/Y: slope,b. What would happen to the slope?,it would reverse?,NA,NA,103585,103585
6949ca3d2fa32d8101dea6a7,CP,Control,PlotWise,connection-making,q-different,How slope and correlation are different,Please list as many ways slope and correlation are different as you can think of.,Correlation refers to the strength and direction of the linear line while slope focuses on change.,NA,NA,266291,266291
6949ca3d2fa32d8101dea6a7,CP,Control,PlotWise,connection-making,q-same,How slope and correlation are the same,Please list as many ways slope and correlation are the same as you can think of.,"They both try to describe the relationship between x and y.
Both can help with identifying direction (positive or negative).",NA,NA,266291,266291
6949ca3d2fa32d8101dea6a7,CP,Control,PlotWise,connection-making,switch-question-response-a,Switch X/Y: correlation,"Let’s say a researcher has a correlation of .5 and a slope of .25. If they switched X and Y.

a. What would happen to the correlation?",Correlation does not change when switching variables.,NA,NA,266291,266291
6949ca3d2fa32d8101dea6a7,CP,Control,PlotWise,connection-making,switch-question-response-b,Switch X/Y: slope,b. What would happen to the slope?,The slope will become -0.25,NA,NA,266291,266291
695bbdf21fd961458dd7390f,CP,Control,PlotWise,connection-making,q-different,How slope and correlation are different,Please list as many ways slope and correlation are different as you can think of.,A slope can be present in a negative or positive way. but the cluster points are these slopes could be varying and have no bearing on the slope.,NA,NA,163707,163707
695bbdf21fd961458dd7390f,CP,Control,PlotWise,connection-making,q-same,How slope and correlation are the same,Please list as many ways slope and correlation are the same as you can think of.,Slopes can be determined by the correlation. Meaning they affect each other depending on their data.,NA,NA,163707,163707
695bbdf21fd961458dd7390f,CP,Control,PlotWise,connection-making,switch-question-response-a,Switch X/Y: correlation,"Let’s say a researcher has a correlation of .5 and a slope of .25. If they switched X and Y.

a. What would happen to the correlation?",The correlation would be negatively affected.,NA,NA,163707,163707
695bbdf21fd961458dd7390f,CP,Control,PlotWise,connection-making,switch-question-response-b,Switch X/Y: slope,b. What would happen to the slope?,The slope would become greater or positive.,NA,NA,163707,163707
698cb3f09ab87f038b6e3e77,CP,Control,PlotWise,connection-making,q-different,How slope and correlation are different,Please list as many ways slope and correlation are different as you can think of.,"Aa slope is based upon the line of best fit whereas correlation is based upon how close the points change together. Slope is not bounded, but correlations are bounded between -1 and 1",NA,NA,112473,112473
698cb3f09ab87f038b6e3e77,CP,Control,PlotWise,connection-making,q-same,How slope and correlation are the same,Please list as many ways slope and correlation are the same as you can think of.,"Both measure strength of two linear relationships, both can take on positive and negative values",NA,NA,112473,112473
698cb3f09ab87f038b6e3e77,CP,Control,PlotWise,connection-making,switch-question-response-a,Switch X/Y: correlation,"Let’s say a researcher has a correlation of .5 and a slope of .25. If they switched X and Y.

a. What would happen to the correlation?",The correlation would not change,NA,NA,112473,112473
698cb3f09ab87f038b6e3e77,CP,Control,PlotWise,connection-making,switch-question-response-b,Switch X/Y: slope,b. What would happen to the slope?,"The slope would change, as it would be reflected",NA,NA,112473,112473
698ce998c9bcb9df4a355d8e,CP,Control,PlotWise,connection-making,q-different,How slope and correlation are different,Please list as many ways slope and correlation are different as you can think of.,not sure,NA,NA,165691,165691
698ce998c9bcb9df4a355d8e,CP,Control,PlotWise,connection-making,q-same,How slope and correlation are the same,Please list as many ways slope and correlation are the same as you can think of.,I'm not entirely sure,NA,NA,165691,165691
698ce998c9bcb9df4a355d8e,CP,Control,PlotWise,connection-making,switch-question-response-a,Switch X/Y: correlation,"Let’s say a researcher has a correlation of .5 and a slope of .25. If they switched X and Y.

a. What would happen to the correlation?",would go negative,NA,NA,165691,165691
698ce998c9bcb9df4a355d8e,CP,Control,PlotWise,connection-making,switch-question-response-b,Switch X/Y: slope,b. What would happen to the slope?,decresere,NA,NA,165691,165691
69936eccf50fa8ffd94e8b4e,CP,Control,PlotWise,connection-making,q-different,How slope and correlation are different,Please list as many ways slope and correlation are different as you can think of.,amount of data points and parameters will set the max and min,NA,NA,100497,100497
69936eccf50fa8ffd94e8b4e,CP,Control,PlotWise,connection-making,q-same,How slope and correlation are the same,Please list as many ways slope and correlation are the same as you can think of.,the slope can be drawn as the regression line and the tighter the other points are and distance from regression line,NA,NA,100497,100497
69936eccf50fa8ffd94e8b4e,CP,Control,PlotWise,connection-making,switch-question-response-a,Switch X/Y: correlation,"Let’s say a researcher has a correlation of .5 and a slope of .25. If they switched X and Y.

a. What would happen to the correlation?",the correlation remains the same,NA,NA,100497,100497
69936eccf50fa8ffd94e8b4e,CP,Control,PlotWise,connection-making,switch-question-response-b,Switch X/Y: slope,b. What would happen to the slope?,the slope remains the same,NA,NA,100497,100497
69b05804c1d36d9f04ffefe7,CP,Control,PlotWise,connection-making,q-different,How slope and correlation are different,Please list as many ways slope and correlation are different as you can think of.,Slope shows direction of relation while correlation shows strength of relation,NA,NA,86215,86215
69b05804c1d36d9f04ffefe7,CP,Control,PlotWise,connection-making,q-same,How slope and correlation are the same,Please list as many ways slope and correlation are the same as you can think of.,Show relationship between variables,NA,NA,86215,86215
69b05804c1d36d9f04ffefe7,CP,Control,PlotWise,connection-making,switch-question-response-a,Switch X/Y: correlation,"Let’s say a researcher has a correlation of .5 and a slope of .25. If they switched X and Y.

a. What would happen to the correlation?",unchanged,NA,NA,86215,86215
69b05804c1d36d9f04ffefe7,CP,Control,PlotWise,connection-making,switch-question-response-b,Switch X/Y: slope,b. What would happen to the slope?,changed,NA,NA,86215,86215
69b64051157b8364c2a0afa6,CP,Control,PlotWise,connection-making,q-different,How slope and correlation are different,Please list as many ways slope and correlation are different as you can think of.,"The correlation can be scattered therefore leading to an unpredictable slope.  If the correlation is significantly off or not very directly impactful, the slope would have drastic changes.",NA,NA,83923,83923
69b64051157b8364c2a0afa6,CP,Control,PlotWise,connection-making,q-same,How slope and correlation are the same,Please list as many ways slope and correlation are the same as you can think of.,Correlation is the way the data points affect the slope & the variables.,NA,NA,83923,83923
69b64051157b8364c2a0afa6,CP,Control,PlotWise,connection-making,switch-question-response-a,Switch X/Y: correlation,"Let’s say a researcher has a correlation of .5 and a slope of .25. If they switched X and Y.

a. What would happen to the correlation?",The correlation would stay the same,NA,NA,83923,83923
69b64051157b8364c2a0afa6,CP,Control,PlotWise,connection-making,switch-question-response-b,Switch X/Y: slope,b. What would happen to the slope?,The slope would go negative,NA,NA,83923,83923
69baaee936d901eb8e30d457,CP,Control,PlotWise,connection-making,q-different,How slope and correlation are different,Please list as many ways slope and correlation are different as you can think of.,"Strong negative correlation but a slope that's closer to zero, strong positive correlation but a slope that's closer to zero",NA,NA,183193,183193
69baaee936d901eb8e30d457,CP,Control,PlotWise,connection-making,q-same,How slope and correlation are the same,Please list as many ways slope and correlation are the same as you can think of.,Straight horizontal regression line with the dots scattered across the whole plot but nowhere near the line (so it's zeroed out),NA,NA,183193,183193
69baaee936d901eb8e30d457,CP,Control,PlotWise,connection-making,switch-question-response-a,Switch X/Y: correlation,"Let’s say a researcher has a correlation of .5 and a slope of .25. If they switched X and Y.

a. What would happen to the correlation?",Correlation is symmetric so it would remain the same.,NA,NA,183193,183193
69baaee936d901eb8e30d457,CP,Control,PlotWise,connection-making,switch-question-response-b,Switch X/Y: slope,b. What would happen to the slope?,The slope would change drastically (but I can't remember exactly how),NA,NA,183193,183193
69dbb8b904dd49c3acdc5571,CP,Control,PlotWise,connection-making,q-different,How slope and correlation are different,Please list as many ways slope and correlation are different as you can think of.,with very low correlation and very hign slope,NA,NA,110799,110799
69dbb8b904dd49c3acdc5571,CP,Control,PlotWise,connection-making,q-same,How slope and correlation are the same,Please list as many ways slope and correlation are the same as you can think of.,a vertical line or a horozontal line,NA,NA,110799,110799
69dbb8b904dd49c3acdc5571,CP,Control,PlotWise,connection-making,switch-question-response-a,Switch X/Y: correlation,"Let’s say a researcher has a correlation of .5 and a slope of .25. If they switched X and Y.

a. What would happen to the correlation?",It would flip,NA,NA,110799,110799
69dbb8b904dd49c3acdc5571,CP,Control,PlotWise,connection-making,switch-question-response-b,Switch X/Y: slope,b. What would happen to the slope?,stay the same,NA,NA,110799,110799
69defab23a249a0b519c8f6d,CP,Control,PlotWise,connection-making,q-different,How slope and correlation are different,Please list as many ways slope and correlation are different as you can think of.,"They represent different ways of measuring plot points. Slope is the rate of change, while correlation is how strong the relationship is between points.",NA,NA,287333,287333
69defab23a249a0b519c8f6d,CP,Control,PlotWise,connection-making,q-same,How slope and correlation are the same,Please list as many ways slope and correlation are the same as you can think of.,Both slope and correlation measure the same overall direction.,NA,NA,287333,287333
69defab23a249a0b519c8f6d,CP,Control,PlotWise,connection-making,switch-question-response-a,Switch X/Y: correlation,"Let’s say a researcher has a correlation of .5 and a slope of .25. If they switched X and Y.

a. What would happen to the correlation?",The correlation would not change.,NA,NA,287333,287333
69defab23a249a0b519c8f6d,CP,Control,PlotWise,connection-making,switch-question-response-b,Switch X/Y: slope,b. What would happen to the slope?,"The slope would reverse, making it -.25.",NA,NA,287333,287333
69e67f20876c8dcd0f10256d,CP,Control,PlotWise,connection-making,q-different,How slope and correlation are different,Please list as many ways slope and correlation are different as you can think of.,correlation measures strength of the relationship between variables while slope measures the rate of change,NA,NA,343990,343990
69e67f20876c8dcd0f10256d,CP,Control,PlotWise,connection-making,q-same,How slope and correlation are the same,Please list as many ways slope and correlation are the same as you can think of.,"If correlation is positive the slope is positive and vice versa
when there is no relation between the variables both level at zero
",NA,NA,343990,343990
69e67f20876c8dcd0f10256d,CP,Control,PlotWise,connection-making,switch-question-response-a,Switch X/Y: correlation,"Let’s say a researcher has a correlation of .5 and a slope of .25. If they switched X and Y.

a. What would happen to the correlation?","Nothing, the correlation will stay the same",NA,NA,343990,343990
69e67f20876c8dcd0f10256d,CP,Control,PlotWise,connection-making,switch-question-response-b,Switch X/Y: slope,b. What would happen to the slope?,The slope will shift,NA,NA,343990,343990
69e696140295abac7fb9c28b,CP,Control,PlotWise,connection-making,q-different,How slope and correlation are different,Please list as many ways slope and correlation are different as you can think of.,Correlation deals with regression line and slope does not.  Slope equals the rate of change and correlation does not.,NA,NA,151514,151514
69e696140295abac7fb9c28b,CP,Control,PlotWise,connection-making,q-same,How slope and correlation are the same,Please list as many ways slope and correlation are the same as you can think of.,"They are both either positive, negative or zero. They both deal with horizontal and vertical lines",NA,NA,151514,151514
69e696140295abac7fb9c28b,CP,Control,PlotWise,connection-making,switch-question-response-a,Switch X/Y: correlation,"Let’s say a researcher has a correlation of .5 and a slope of .25. If they switched X and Y.

a. What would happen to the correlation?",The correlation would stay the same,NA,NA,151514,151514
69e696140295abac7fb9c28b,CP,Control,PlotWise,connection-making,switch-question-response-b,Switch X/Y: slope,b. What would happen to the slope?,The slope would change to the opposite direction,NA,NA,151514,151514
69ee7fcbc2188c5c2203fd8c,CP,Control,PlotWise,connection-making,q-different,How slope and correlation are different,Please list as many ways slope and correlation are different as you can think of.,"Correlation doesn't depend on number of points, where slope has a number of points.  Correlation is between -1 and 1.  Correlation also does not change whenh switching between x and y, where slope does.   Slope depends on the scale of the variable points.",NA,NA,244829,244829
69ee7fcbc2188c5c2203fd8c,CP,Control,PlotWise,connection-making,q-same,How slope and correlation are the same,Please list as many ways slope and correlation are the same as you can think of.,Both describe the relationship between variable.  They both indiciate a direction.  Both come from the same data set of information.  If correlation is 0 then slope is also 0.,NA,NA,244829,244829
69ee7fcbc2188c5c2203fd8c,CP,Control,PlotWise,connection-making,switch-question-response-a,Switch X/Y: correlation,"Let’s say a researcher has a correlation of .5 and a slope of .25. If they switched X and Y.

a. What would happen to the correlation?",The correlation would stay the same,NA,NA,244829,244829
69ee7fcbc2188c5c2203fd8c,CP,Control,PlotWise,connection-making,switch-question-response-b,Switch X/Y: slope,b. What would happen to the slope?,It would change.,NA,NA,244829,244829
5cbcfce214b3cb0015f03471,PC,PlotWise,Control,connection-making,q-different,How slope and correlation are different,Please list as many ways slope and correlation are different as you can think of.,if the correlation does not come close to the slope. if the correlation is scattered.,NA,NA,196372,196372
5cbcfce214b3cb0015f03471,PC,PlotWise,Control,connection-making,q-same,How slope and correlation are the same,Please list as many ways slope and correlation are the same as you can think of.,When correlation matches or closes in around the slope.,NA,NA,196372,196372
5cbcfce214b3cb0015f03471,PC,PlotWise,Control,connection-making,switch-question-response-a,Switch X/Y: correlation,"Let’s say a researcher has a correlation of .5 and a slope of .25. If they switched X and Y.

a. What would happen to the correlation?",it would remain the same.,NA,NA,196372,196372
5cbcfce214b3cb0015f03471,PC,PlotWise,Control,connection-making,switch-question-response-b,Switch X/Y: slope,b. What would happen to the slope?,the slope would change.,NA,NA,196372,196372
65b6bb9487ad05cb475fbba5,PC,PlotWise,Control,connection-making,q-different,How slope and correlation are different,Please list as many ways slope and correlation are different as you can think of.,"Evn though the slope can be steep, the correlation - the plots on the graph can be all over the place, meaning the slope is always depicted as a straight line whereas the plot points can be disorganized or all over the place depending on the study results.",NA,NA,270770,270770
65b6bb9487ad05cb475fbba5,PC,PlotWise,Control,connection-making,q-same,How slope and correlation are the same,Please list as many ways slope and correlation are the same as you can think of.,Visually slope and correlation are easy too initially spot because of the density of the plots and the degree of the line,NA,NA,270770,270770
65b6bb9487ad05cb475fbba5,PC,PlotWise,Control,connection-making,switch-question-response-a,Switch X/Y: correlation,"Let’s say a researcher has a correlation of .5 and a slope of .25. If they switched X and Y.

a. What would happen to the correlation?",No my brain is getting confused even though I do understand the concepts,NA,NA,270770,270770
65b6bb9487ad05cb475fbba5,PC,PlotWise,Control,connection-making,switch-question-response-b,Switch X/Y: slope,b. What would happen to the slope?,The slope would go downward in a negative direction.,NA,NA,270770,270770
666911bcb2b5e2fc50ace5e3,PC,PlotWise,Control,connection-making,q-different,How slope and correlation are different,Please list as many ways slope and correlation are different as you can think of.,Correlation follows direction via points on a graph while a slope depends on a line.,NA,NA,123678,123678
666911bcb2b5e2fc50ace5e3,PC,PlotWise,Control,connection-making,q-same,How slope and correlation are the same,Please list as many ways slope and correlation are the same as you can think of.,The slope and correlation both describe the relationship on a graph and show positive or negative directions.,NA,NA,123678,123678
666911bcb2b5e2fc50ace5e3,PC,PlotWise,Control,connection-making,switch-question-response-a,Switch X/Y: correlation,"Let’s say a researcher has a correlation of .5 and a slope of .25. If they switched X and Y.

a. What would happen to the correlation?",The correlation would mostly remain the same.,NA,NA,123678,123678
666911bcb2b5e2fc50ace5e3,PC,PlotWise,Control,connection-making,switch-question-response-b,Switch X/Y: slope,b. What would happen to the slope?,The slope would climb up at a slightly more higher direction up.,NA,NA,123678,123678
66d88375799e00b593a8655f,PC,PlotWise,Control,connection-making,q-different,How slope and correlation are different,Please list as many ways slope and correlation are different as you can think of.,"movement, direction, negative",NA,NA,181108,181108
66d88375799e00b593a8655f,PC,PlotWise,Control,connection-making,q-same,How slope and correlation are the same,Please list as many ways slope and correlation are the same as you can think of.,"direction, positive, negative",NA,NA,181108,181108
66d88375799e00b593a8655f,PC,PlotWise,Control,connection-making,switch-question-response-a,Switch X/Y: correlation,"Let’s say a researcher has a correlation of .5 and a slope of .25. If they switched X and Y.

a. What would happen to the correlation?",It would make the slope go to the negative,NA,NA,181108,181108
66d88375799e00b593a8655f,PC,PlotWise,Control,connection-making,switch-question-response-b,Switch X/Y: slope,b. What would happen to the slope?,the slope would go down,NA,NA,181108,181108
6706bc0d8c98b64939838b2e,PC,PlotWise,Control,connection-making,q-different,How slope and correlation are different,Please list as many ways slope and correlation are different as you can think of.,no,NA,NA,139726,139726
6706bc0d8c98b64939838b2e,PC,PlotWise,Control,connection-making,q-same,How slope and correlation are the same,Please list as many ways slope and correlation are the same as you can think of.,no,NA,NA,139726,139726
6706bc0d8c98b64939838b2e,PC,PlotWise,Control,connection-making,switch-question-response-a,Switch X/Y: correlation,"Let’s say a researcher has a correlation of .5 and a slope of .25. If they switched X and Y.

a. What would happen to the correlation?","I don't know,  think it would probably decrease",NA,NA,139726,139726
6706bc0d8c98b64939838b2e,PC,PlotWise,Control,connection-making,switch-question-response-b,Switch X/Y: slope,b. What would happen to the slope?,I think it would probably become a mirror image of the original,NA,NA,139726,139726
69419e9576aea13f332266ff,PC,PlotWise,Control,connection-making,q-different,How slope and correlation are different,Please list as many ways slope and correlation are different as you can think of.,Slope is how much the y axis changes by 1 unit of x while correlation is how much the data fit within the best fit line,NA,NA,143445,143445
69419e9576aea13f332266ff,PC,PlotWise,Control,connection-making,q-same,How slope and correlation are the same,Please list as many ways slope and correlation are the same as you can think of.,The stronger the slope the higher the correlation typically is,NA,NA,143445,143445
69419e9576aea13f332266ff,PC,PlotWise,Control,connection-making,switch-question-response-a,Switch X/Y: correlation,"Let’s say a researcher has a correlation of .5 and a slope of .25. If they switched X and Y.

a. What would happen to the correlation?",The correlation would decrease,NA,NA,143445,143445
69419e9576aea13f332266ff,PC,PlotWise,Control,connection-making,switch-question-response-b,Switch X/Y: slope,b. What would happen to the slope?,The slope would increase,NA,NA,143445,143445
69442e09aea78e142db2e54f,PC,PlotWise,Control,connection-making,q-different,How slope and correlation are different,Please list as many ways slope and correlation are different as you can think of.,"Correlation tells you whether or not the relationship is positive or negative, and the slop tells you the rate of change.",NA,NA,122036,122036
69442e09aea78e142db2e54f,PC,PlotWise,Control,connection-making,q-same,How slope and correlation are the same,Please list as many ways slope and correlation are the same as you can think of.,"They both represent the relationship of the data points, and they both help you the trend of the best fit line.",NA,NA,122036,122036
69442e09aea78e142db2e54f,PC,PlotWise,Control,connection-making,switch-question-response-a,Switch X/Y: correlation,"Let’s say a researcher has a correlation of .5 and a slope of .25. If they switched X and Y.

a. What would happen to the correlation?",The correlation would still be positive.,NA,NA,122036,122036
69442e09aea78e142db2e54f,PC,PlotWise,Control,connection-making,switch-question-response-b,Switch X/Y: slope,b. What would happen to the slope?,The slope would decrease.,NA,NA,122036,122036
69457dc95341cec41fca5695,PC,PlotWise,Control,connection-making,q-different,How slope and correlation are different,Please list as many ways slope and correlation are different as you can think of.,"Slope shows the relationship trend, while correlation shows the strength of that relationship.",NA,NA,104590,104590
69457dc95341cec41fca5695,PC,PlotWise,Control,connection-making,q-same,How slope and correlation are the same,Please list as many ways slope and correlation are the same as you can think of.,They both help to visualize the data points on the graph. They both use linear measurement to explore details of data relationships.,NA,NA,104590,104590
69457dc95341cec41fca5695,PC,PlotWise,Control,connection-making,switch-question-response-a,Switch X/Y: correlation,"Let’s say a researcher has a correlation of .5 and a slope of .25. If they switched X and Y.

a. What would happen to the correlation?",The correlation would stay the same.,NA,NA,104590,104590
69457dc95341cec41fca5695,PC,PlotWise,Control,connection-making,switch-question-response-b,Switch X/Y: slope,b. What would happen to the slope?,The slope would be reversed and changed.,NA,NA,104590,104590
696a7d8e7ecb7691c3c716e0,PC,PlotWise,Control,connection-making,q-different,How slope and correlation are different,Please list as many ways slope and correlation are different as you can think of.,"Number of left-handed people over time vs price of timber.
Number of supermarkets per square miles vs worldwide conflicts.",NA,NA,175961,175961
696a7d8e7ecb7691c3c716e0,PC,PlotWise,Control,connection-making,q-same,How slope and correlation are the same,Please list as many ways slope and correlation are the same as you can think of.,"Quality of food eaten vs overall health.
Crime committed in a neighborhood vs average income in the neighborhood.",NA,NA,175961,175961
696a7d8e7ecb7691c3c716e0,PC,PlotWise,Control,connection-making,switch-question-response-a,Switch X/Y: correlation,"Let’s say a researcher has a correlation of .5 and a slope of .25. If they switched X and Y.

a. What would happen to the correlation?",The correlation would stay the same,NA,NA,175961,175961
696a7d8e7ecb7691c3c716e0,PC,PlotWise,Control,connection-making,switch-question-response-b,Switch X/Y: slope,b. What would happen to the slope?,The slope angle would change,NA,NA,175961,175961
69a1b3b7923c10f1c34bb345,PC,PlotWise,Control,connection-making,q-different,How slope and correlation are different,Please list as many ways slope and correlation are different as you can think of.,you can have a positive or negative slope and the correlation can be the opposite. switching the variables doesn't affect correlation but it does for slope.,NA,NA,185356,185356
69a1b3b7923c10f1c34bb345,PC,PlotWise,Control,connection-making,q-same,How slope and correlation are the same,Please list as many ways slope and correlation are the same as you can think of.,they measure the relationship between variables,NA,NA,185356,185356
69a1b3b7923c10f1c34bb345,PC,PlotWise,Control,connection-making,switch-question-response-a,Switch X/Y: correlation,"Let’s say a researcher has a correlation of .5 and a slope of .25. If they switched X and Y.

a. What would happen to the correlation?",The correlation would stay the same,NA,NA,185356,185356
69a1b3b7923c10f1c34bb345,PC,PlotWise,Control,connection-making,switch-question-response-b,Switch X/Y: slope,b. What would happen to the slope?,change,NA,NA,185356,185356
69afafce3f7970642a6dc071,PC,PlotWise,Control,connection-making,q-different,How slope and correlation are different,Please list as many ways slope and correlation are different as you can think of.,"What they measure, the units they measure and what affects them and their range of value.",NA,NA,172724,172724
69afafce3f7970642a6dc071,PC,PlotWise,Control,connection-making,q-same,How slope and correlation are the same,Please list as many ways slope and correlation are the same as you can think of.,The both describe relationships between two variables. They show direction both positive and negative. They both come from the same data.,NA,NA,172724,172724
69afafce3f7970642a6dc071,PC,PlotWise,Control,connection-making,switch-question-response-a,Switch X/Y: correlation,"Let’s say a researcher has a correlation of .5 and a slope of .25. If they switched X and Y.

a. What would happen to the correlation?",Nothing,NA,NA,172724,172724
69afafce3f7970642a6dc071,PC,PlotWise,Control,connection-making,switch-question-response-b,Switch X/Y: slope,b. What would happen to the slope?,The slope would move accordingly.,NA,NA,172724,172724
69b2f88353d348d7b5d823f2,PC,PlotWise,Control,connection-making,q-different,How slope and correlation are different,Please list as many ways slope and correlation are different as you can think of.,"formula
change as axes are swiched",NA,NA,87656,87656
69b2f88353d348d7b5d823f2,PC,PlotWise,Control,connection-making,q-same,How slope and correlation are the same,Please list as many ways slope and correlation are the same as you can think of.,"based on data points
measure a change",NA,NA,87656,87656
69b2f88353d348d7b5d823f2,PC,PlotWise,Control,connection-making,switch-question-response-a,Switch X/Y: correlation,"Let’s say a researcher has a correlation of .5 and a slope of .25. If they switched X and Y.

a. What would happen to the correlation?",would stay the same,NA,NA,87656,87656
69b2f88353d348d7b5d823f2,PC,PlotWise,Control,connection-making,switch-question-response-b,Switch X/Y: slope,b. What would happen to the slope?,would change,NA,NA,87656,87656
69b539c1ef7f025074f1dc49,PC,PlotWise,Control,connection-making,q-different,How slope and correlation are different,Please list as many ways slope and correlation are different as you can think of.,"Correlation is always between -1 and 1, while slope can be any negative number to positive infinity. Correlation does not have units but slope does. Correlation stays the same if you change the variables (X and Y), whereas slope changes completely when variables or axes are changed.",NA,NA,226330,226330
69b539c1ef7f025074f1dc49,PC,PlotWise,Control,connection-making,q-same,How slope and correlation are the same,Please list as many ways slope and correlation are the same as you can think of.,Both always share the same sign. Both specifically measure the strength of linear relationships. Both the slope and correlation would be zero if there is no linear relationship. Both require to variables (X and Y).,NA,NA,226330,226330
69b539c1ef7f025074f1dc49,PC,PlotWise,Control,connection-making,switch-question-response-a,Switch X/Y: correlation,"Let’s say a researcher has a correlation of .5 and a slope of .25. If they switched X and Y.

a. What would happen to the correlation?",The correlation would remain the same because it measures the mutual relationship between variables regardless of which one is X or Y.,NA,NA,226330,226330
69b539c1ef7f025074f1dc49,PC,PlotWise,Control,connection-making,switch-question-response-b,Switch X/Y: slope,b. What would happen to the slope?,The slope would change and become 1.,NA,NA,226330,226330
69bcb74d06491ceeaf0fe09c,PC,PlotWise,Control,connection-making,q-different,How slope and correlation are different,Please list as many ways slope and correlation are different as you can think of.,"Correlation measures how string the relationship is, in other words if there is a lot of varaince in the relationship. Slope measures the direction and strength of the relationship, i.e. how big or small a change in one variable has on the other.",NA,NA,114626,114626
69bcb74d06491ceeaf0fe09c,PC,PlotWise,Control,connection-making,q-same,How slope and correlation are the same,Please list as many ways slope and correlation are the same as you can think of.,Slope and correlation both measure the rate of change between two variables,NA,NA,114626,114626
69bcb74d06491ceeaf0fe09c,PC,PlotWise,Control,connection-making,switch-question-response-a,Switch X/Y: correlation,"Let’s say a researcher has a correlation of .5 and a slope of .25. If they switched X and Y.

a. What would happen to the correlation?",The correlation would remain the same,NA,NA,114626,114626
69bcb74d06491ceeaf0fe09c,PC,PlotWise,Control,connection-making,switch-question-response-b,Switch X/Y: slope,b. What would happen to the slope?,The slope you change to 4,NA,NA,114626,114626
69c13c0ad9ea03501703d527,PC,PlotWise,Control,connection-making,q-different,How slope and correlation are different,Please list as many ways slope and correlation are different as you can think of.,The correlation (r) has to be between -1 and 1. The slope can be any number.,NA,NA,261447,261447
69c13c0ad9ea03501703d527,PC,PlotWise,Control,connection-making,q-same,How slope and correlation are the same,Please list as many ways slope and correlation are the same as you can think of.,They both are integers. They can both be positive or negative values.,NA,NA,261447,261447
69c13c0ad9ea03501703d527,PC,PlotWise,Control,connection-making,switch-question-response-a,Switch X/Y: correlation,"Let’s say a researcher has a correlation of .5 and a slope of .25. If they switched X and Y.

a. What would happen to the correlation?","I think the correlation would change, but I'm not sure how to describe it. If the slope changes, then the points will now not be in the same position relative to the slope.",NA,NA,261447,261447
69c13c0ad9ea03501703d527,PC,PlotWise,Control,connection-making,switch-question-response-b,Switch X/Y: slope,b. What would happen to the slope?,The slope will be much steeper. The slope will now be 4.,NA,NA,261447,261447
69e50d6c5df8f2861c76a92e,PC,PlotWise,Control,connection-making,q-different,How slope and correlation are different,Please list as many ways slope and correlation are different as you can think of.,"they can be a different value, they are scattered.",NA,NA,103569,103569
69e50d6c5df8f2861c76a92e,PC,PlotWise,Control,connection-making,q-same,How slope and correlation are the same,Please list as many ways slope and correlation are the same as you can think of.,"they show a trend of information, they can be the same value.",NA,NA,103569,103569
69e50d6c5df8f2861c76a92e,PC,PlotWise,Control,connection-making,switch-question-response-a,Switch X/Y: correlation,"Let’s say a researcher has a correlation of .5 and a slope of .25. If they switched X and Y.

a. What would happen to the correlation?",It would jump into the positive range,NA,NA,103569,103569
69e50d6c5df8f2861c76a92e,PC,PlotWise,Control,connection-making,switch-question-response-b,Switch X/Y: slope,b. What would happen to the slope?,it would become flatter.,NA,NA,103569,103569
69e7c4d7520b1a91f7a60d9e,PC,PlotWise,Control,connection-making,q-different,How slope and correlation are different,Please list as many ways slope and correlation are different as you can think of.,"Slope lists rate of change, and correlation lists how accurate the rate of change is for the dataset.",NA,NA,78764,78764
69e7c4d7520b1a91f7a60d9e,PC,PlotWise,Control,connection-making,q-same,How slope and correlation are the same,Please list as many ways slope and correlation are the same as you can think of.,"Slope and correlation both describe qualities of scatter plots, they both are used to help identify trend.",NA,NA,78764,78764
69e7c4d7520b1a91f7a60d9e,PC,PlotWise,Control,connection-making,switch-question-response-a,Switch X/Y: correlation,"Let’s say a researcher has a correlation of .5 and a slope of .25. If they switched X and Y.

a. What would happen to the correlation?",Correlation would not change since X and Y are still equally related,NA,NA,78764,78764
69e7c4d7520b1a91f7a60d9e,PC,PlotWise,Control,connection-making,switch-question-response-b,Switch X/Y: slope,b. What would happen to the slope?,"The slope would change, you would have to find its inverse to get an accurate slop",NA,NA,78764,78764
69e913482ae5864d44e6387c,PC,PlotWise,Control,connection-making,q-different,How slope and correlation are different,Please list as many ways slope and correlation are different as you can think of.,Slope is a rate of change whereas correlation is how points are arranged among the target line.,NA,NA,118122,118122
69e913482ae5864d44e6387c,PC,PlotWise,Control,connection-making,q-same,How slope and correlation are the same,Please list as many ways slope and correlation are the same as you can think of.,They tell us the relationship between two variables and changes in perception of two variables.,NA,NA,118122,118122
69e913482ae5864d44e6387c,PC,PlotWise,Control,connection-making,switch-question-response-a,Switch X/Y: correlation,"Let’s say a researcher has a correlation of .5 and a slope of .25. If they switched X and Y.

a. What would happen to the correlation?",The correlation would be smaller between the two tested variables.,NA,NA,118122,118122
69e913482ae5864d44e6387c,PC,PlotWise,Control,connection-making,switch-question-response-b,Switch X/Y: slope,b. What would happen to the slope?,The slope would be less steep.,NA,NA,118122,118122
69ea51d8e9e2fcbd7e2a598a,PC,PlotWise,Control,connection-making,q-different,How slope and correlation are different,Please list as many ways slope and correlation are different as you can think of.,"correlation show strength of relationship, while slpe shows steepness of a line",NA,NA,302002,302002
69ea51d8e9e2fcbd7e2a598a,PC,PlotWise,Control,connection-making,q-same,How slope and correlation are the same,Please list as many ways slope and correlation are the same as you can think of.,both describe relationships between X and Y. Both show direction s postive or negative,NA,NA,302002,302002
69ea51d8e9e2fcbd7e2a598a,PC,PlotWise,Control,connection-making,switch-question-response-a,Switch X/Y: correlation,"Let’s say a researcher has a correlation of .5 and a slope of .25. If they switched X and Y.

a. What would happen to the correlation?",the correlation stays the same at 0.5,NA,NA,302002,302002
69ea51d8e9e2fcbd7e2a598a,PC,PlotWise,Control,connection-making,switch-question-response-b,Switch X/Y: slope,b. What would happen to the slope?,it becomes 4,NA,NA,302002,302002
69eb5bea0282ba37e5a2bae6,PC,PlotWise,Control,connection-making,q-different,How slope and correlation are different,Please list as many ways slope and correlation are different as you can think of.,"Slope is rate of change, correlation is relative strength
Slope can be any integer, correlation can only be between -1 and 1",NA,NA,130694,130694
69eb5bea0282ba37e5a2bae6,PC,PlotWise,Control,connection-making,q-same,How slope and correlation are the same,Please list as many ways slope and correlation are the same as you can think of.,"Slope and correlation both involve relationships between the x and y variables. 
Slope and correlation both give insight into scatterplots and other graphing agents.",NA,NA,130694,130694
69eb5bea0282ba37e5a2bae6,PC,PlotWise,Control,connection-making,switch-question-response-a,Switch X/Y: correlation,"Let’s say a researcher has a correlation of .5 and a slope of .25. If they switched X and Y.

a. What would happen to the correlation?",stay the same,NA,NA,130694,130694
69eb5bea0282ba37e5a2bae6,PC,PlotWise,Control,connection-making,switch-question-response-b,Switch X/Y: slope,b. What would happen to the slope?,it would be 4 instead of 1/4,NA,NA,130694,130694
58a5cf959e040a0001399f07,PP,PlotWise,PlotWise,connection-making,q-different,How slope and correlation are different,Please list as many ways slope and correlation are different as you can think of.,"Correlation changes based on how close or far apart the points on the graph are, while slope does not.  Slope changes based on the specific placement of points on the graph while correlation is based on the relationship of the points to each other.",NA,NA,167667,167667
58a5cf959e040a0001399f07,PP,PlotWise,PlotWise,connection-making,q-same,How slope and correlation are the same,Please list as many ways slope and correlation are the same as you can think of.,Slope and correlation both help explain the way a graph looks.  They both are determined by the relationship between multiple points on the graph.,NA,NA,167667,167667
58a5cf959e040a0001399f07,PP,PlotWise,PlotWise,connection-making,switch-question-response-a,Switch X/Y: correlation,"Let’s say a researcher has a correlation of .5 and a slope of .25. If they switched X and Y.

a. What would happen to the correlation?","Nothing, the correlation would stay the same.",NA,NA,167667,167667
58a5cf959e040a0001399f07,PP,PlotWise,PlotWise,connection-making,switch-question-response-b,Switch X/Y: slope,b. What would happen to the slope?,The slope would change dramatically,NA,NA,167667,167667
5e6439d24659d01c218bcbc9,PP,PlotWise,PlotWise,connection-making,q-different,How slope and correlation are different,Please list as many ways slope and correlation are different as you can think of.,"they do different things, one can be switched if the axis changes",NA,NA,58311,58311
5e6439d24659d01c218bcbc9,PP,PlotWise,PlotWise,connection-making,q-same,How slope and correlation are the same,Please list as many ways slope and correlation are the same as you can think of.,They're both math and statistics. they both tell you the relationship between two variables,NA,NA,58311,58311
5e6439d24659d01c218bcbc9,PP,PlotWise,PlotWise,connection-making,switch-question-response-a,Switch X/Y: correlation,"Let’s say a researcher has a correlation of .5 and a slope of .25. If they switched X and Y.

a. What would happen to the correlation?",The correlation would stay the same,NA,NA,58311,58311
5e6439d24659d01c218bcbc9,PP,PlotWise,PlotWise,connection-making,switch-question-response-b,Switch X/Y: slope,b. What would happen to the slope?,It would be the same but switched based on the axis change,NA,NA,58311,58311
62b9f3589e8d599c11a2f9fc,PP,PlotWise,PlotWise,connection-making,q-different,How slope and correlation are different,Please list as many ways slope and correlation are different as you can think of.,Slope and correlation are rarely the same number.  Slope and correlation measure two different things.,NA,NA,150481,150481
62b9f3589e8d599c11a2f9fc,PP,PlotWise,PlotWise,connection-making,q-same,How slope and correlation are the same,Please list as many ways slope and correlation are the same as you can think of.,Their sign is the same.  Slope of a scatterplot is the trend graph.  Slope and correlation are usually proportional.,NA,NA,150481,150481
62b9f3589e8d599c11a2f9fc,PP,PlotWise,PlotWise,connection-making,switch-question-response-a,Switch X/Y: correlation,"Let’s say a researcher has a correlation of .5 and a slope of .25. If they switched X and Y.

a. What would happen to the correlation?",Correlation would stay the same.,NA,NA,150481,150481
62b9f3589e8d599c11a2f9fc,PP,PlotWise,PlotWise,connection-making,switch-question-response-b,Switch X/Y: slope,b. What would happen to the slope?,The slope would be a reciprocal.,NA,NA,150481,150481
6413bee5234ad46e9fc4ba75,PP,PlotWise,PlotWise,connection-making,q-different,How slope and correlation are different,Please list as many ways slope and correlation are different as you can think of.,Correlation is constrained between -1 and 1 while slope can be infinite in either direction.,NA,NA,108452,108452
6413bee5234ad46e9fc4ba75,PP,PlotWise,PlotWise,connection-making,q-same,How slope and correlation are the same,Please list as many ways slope and correlation are the same as you can think of.,THey both have positive and negative values.  They can both be 0.,NA,NA,108452,108452
6413bee5234ad46e9fc4ba75,PP,PlotWise,PlotWise,connection-making,switch-question-response-a,Switch X/Y: correlation,"Let’s say a researcher has a correlation of .5 and a slope of .25. If they switched X and Y.

a. What would happen to the correlation?",Nothing.  It would stay the same. .5,NA,NA,108452,108452
6413bee5234ad46e9fc4ba75,PP,PlotWise,PlotWise,connection-making,switch-question-response-b,Switch X/Y: slope,b. What would happen to the slope?,The slope would be flipped.  4?,NA,NA,108452,108452
660db7a0e45001b3e976309e,PP,PlotWise,PlotWise,connection-making,q-different,How slope and correlation are different,Please list as many ways slope and correlation are different as you can think of.,"Slope is how 2 numbers are related, and correlation is how closely those 2 sets of numbers are related.",NA,NA,68877,68877
660db7a0e45001b3e976309e,PP,PlotWise,PlotWise,connection-making,q-same,How slope and correlation are the same,Please list as many ways slope and correlation are the same as you can think of.,"I don't think they're the same, I just think they're related.",NA,NA,68877,68877
660db7a0e45001b3e976309e,PP,PlotWise,PlotWise,connection-making,switch-question-response-a,Switch X/Y: correlation,"Let’s say a researcher has a correlation of .5 and a slope of .25. If they switched X and Y.

a. What would happen to the correlation?",Nothing would happen,NA,NA,68877,68877
660db7a0e45001b3e976309e,PP,PlotWise,PlotWise,connection-making,switch-question-response-b,Switch X/Y: slope,b. What would happen to the slope?,The slope would change,NA,NA,68877,68877
66632c96e56c2cc87923bf78,PP,PlotWise,PlotWise,connection-making,q-different,How slope and correlation are different,Please list as many ways slope and correlation are different as you can think of.,"correlation can be either -1.0, +1",NA,NA,144178,144178
66632c96e56c2cc87923bf78,PP,PlotWise,PlotWise,connection-making,q-same,How slope and correlation are the same,Please list as many ways slope and correlation are the same as you can think of.,when both are at zero,NA,NA,144178,144178
66632c96e56c2cc87923bf78,PP,PlotWise,PlotWise,connection-making,switch-question-response-a,Switch X/Y: correlation,"Let’s say a researcher has a correlation of .5 and a slope of .25. If they switched X and Y.

a. What would happen to the correlation?",correlation would get stronger,NA,NA,144178,144178
66632c96e56c2cc87923bf78,PP,PlotWise,PlotWise,connection-making,switch-question-response-b,Switch X/Y: slope,b. What would happen to the slope?,the slope would change,NA,NA,144178,144178
66abc79f0812c1f89a25adfb,PP,PlotWise,PlotWise,connection-making,q-different,How slope and correlation are different,Please list as many ways slope and correlation are different as you can think of.,slope can be greater or less than 1 and -1. R is always between -1 and 1.,NA,NA,158641,158641
66abc79f0812c1f89a25adfb,PP,PlotWise,PlotWise,connection-making,q-same,How slope and correlation are the same,Please list as many ways slope and correlation are the same as you can think of.,I think they are both close to zero at the same time. I think they share the negative and positive status,NA,NA,158641,158641
66abc79f0812c1f89a25adfb,PP,PlotWise,PlotWise,connection-making,switch-question-response-a,Switch X/Y: correlation,"Let’s say a researcher has a correlation of .5 and a slope of .25. If they switched X and Y.

a. What would happen to the correlation?",r is symmetrical. correlation would stay the same.,NA,NA,158641,158641
66abc79f0812c1f89a25adfb,PP,PlotWise,PlotWise,connection-making,switch-question-response-b,Switch X/Y: slope,b. What would happen to the slope?,We would have a reciprical slope.,NA,NA,158641,158641
67204af156acf704058c6e66,PP,PlotWise,PlotWise,connection-making,q-different,How slope and correlation are different,Please list as many ways slope and correlation are different as you can think of.,Slope considers a line of best fit between all data points while correlation refers to the way individual points are related,NA,NA,90999,90999
67204af156acf704058c6e66,PP,PlotWise,PlotWise,connection-making,q-same,How slope and correlation are the same,Please list as many ways slope and correlation are the same as you can think of.,They both describe the relationship between points within a data set,NA,NA,90999,90999
67204af156acf704058c6e66,PP,PlotWise,PlotWise,connection-making,switch-question-response-a,Switch X/Y: correlation,"Let’s say a researcher has a correlation of .5 and a slope of .25. If they switched X and Y.

a. What would happen to the correlation?",The correlation remains the same,NA,NA,90999,90999
67204af156acf704058c6e66,PP,PlotWise,PlotWise,connection-making,switch-question-response-b,Switch X/Y: slope,b. What would happen to the slope?,The slope inverts and becomes negative,NA,NA,90999,90999
6941f12abe152014b1fc152a,PP,PlotWise,PlotWise,connection-making,q-different,How slope and correlation are different,Please list as many ways slope and correlation are different as you can think of.,"if you change axis, slope changes but correlation stays the same.",NA,NA,168513,168513
6941f12abe152014b1fc152a,PP,PlotWise,PlotWise,connection-making,q-same,How slope and correlation are the same,Please list as many ways slope and correlation are the same as you can think of.,same as the both either positive negative or neither .,NA,NA,168513,168513
6941f12abe152014b1fc152a,PP,PlotWise,PlotWise,connection-making,switch-question-response-a,Switch X/Y: correlation,"Let’s say a researcher has a correlation of .5 and a slope of .25. If they switched X and Y.

a. What would happen to the correlation?","correlation, would stay the same.",NA,NA,168513,168513
6941f12abe152014b1fc152a,PP,PlotWise,PlotWise,connection-making,switch-question-response-b,Switch X/Y: slope,b. What would happen to the slope?,"slope would change, becuase rise over run would change.",NA,NA,168513,168513
697923c3e017b9ae8d36422f,PP,PlotWise,PlotWise,connection-making,q-different,How slope and correlation are different,Please list as many ways slope and correlation are different as you can think of.,units scale and switching variables,NA,NA,158567,158567
697923c3e017b9ae8d36422f,PP,PlotWise,PlotWise,connection-making,q-same,How slope and correlation are the same,Please list as many ways slope and correlation are the same as you can think of.,direction and zero point,NA,NA,158567,158567
697923c3e017b9ae8d36422f,PP,PlotWise,PlotWise,connection-making,switch-question-response-a,Switch X/Y: correlation,"Let’s say a researcher has a correlation of .5 and a slope of .25. If they switched X and Y.

a. What would happen to the correlation?",It would stay the same,NA,NA,158567,158567
697923c3e017b9ae8d36422f,PP,PlotWise,PlotWise,connection-making,switch-question-response-b,Switch X/Y: slope,b. What would happen to the slope?,It would change recaculated based on new rise over run,NA,NA,158567,158567
69838c967c78c6ef18426fba,PP,PlotWise,PlotWise,connection-making,q-different,How slope and correlation are different,Please list as many ways slope and correlation are different as you can think of.,I do not understand the concepts well enough to be able to describe the relationship.,NA,NA,38368,38368
69838c967c78c6ef18426fba,PP,PlotWise,PlotWise,connection-making,q-same,How slope and correlation are the same,Please list as many ways slope and correlation are the same as you can think of.,I do not understand the concepts well enough to be able to describe the relationship.,NA,NA,38368,38368
69838c967c78c6ef18426fba,PP,PlotWise,PlotWise,connection-making,switch-question-response-a,Switch X/Y: correlation,"Let’s say a researcher has a correlation of .5 and a slope of .25. If they switched X and Y.

a. What would happen to the correlation?",I do not understand the concepts well enough to be able to describe the relationship.,NA,NA,38368,38368
69838c967c78c6ef18426fba,PP,PlotWise,PlotWise,connection-making,switch-question-response-b,Switch X/Y: slope,b. What would happen to the slope?,I do not understand the concepts well enough to be able to describe the relationship.,NA,NA,38368,38368
69a1a10db5dd5cc2b0fd9120,PP,PlotWise,PlotWise,connection-making,q-different,How slope and correlation are different,Please list as many ways slope and correlation are different as you can think of.,Slope describes the rate of change between variables and correlation describes strength and direction of a relationship between variables,NA,NA,139844,139844
69a1a10db5dd5cc2b0fd9120,PP,PlotWise,PlotWise,connection-making,q-same,How slope and correlation are the same,Please list as many ways slope and correlation are the same as you can think of.,They both describe relationships between two variables and they both go in the same direction,NA,NA,139844,139844
69a1a10db5dd5cc2b0fd9120,PP,PlotWise,PlotWise,connection-making,switch-question-response-a,Switch X/Y: correlation,"Let’s say a researcher has a correlation of .5 and a slope of .25. If they switched X and Y.

a. What would happen to the correlation?",The correlation would not change,NA,NA,139844,139844
69a1a10db5dd5cc2b0fd9120,PP,PlotWise,PlotWise,connection-making,switch-question-response-b,Switch X/Y: slope,b. What would happen to the slope?,The slope would change,NA,NA,139844,139844
69a273aa8ea44b93a7c318fa,PP,PlotWise,PlotWise,connection-making,q-different,How slope and correlation are different,Please list as many ways slope and correlation are different as you can think of.,The sign and the points,NA,NA,98772,98772
69a273aa8ea44b93a7c318fa,PP,PlotWise,PlotWise,connection-making,q-same,How slope and correlation are the same,Please list as many ways slope and correlation are the same as you can think of.,When they have both to be positive,NA,NA,98772,98772
69a273aa8ea44b93a7c318fa,PP,PlotWise,PlotWise,connection-making,switch-question-response-a,Switch X/Y: correlation,"Let’s say a researcher has a correlation of .5 and a slope of .25. If they switched X and Y.

a. What would happen to the correlation?",It will become strong negative correlation,NA,NA,98772,98772
69a273aa8ea44b93a7c318fa,PP,PlotWise,PlotWise,connection-making,switch-question-response-b,Switch X/Y: slope,b. What would happen to the slope?,The slope will be negative,NA,NA,98772,98772
69d42f9c4bd9803351e64126,PP,PlotWise,PlotWise,connection-making,q-different,How slope and correlation are different,Please list as many ways slope and correlation are different as you can think of.,They are related but are different functions of the graph,NA,NA,39840,39840
69d42f9c4bd9803351e64126,PP,PlotWise,PlotWise,connection-making,q-same,How slope and correlation are the same,Please list as many ways slope and correlation are the same as you can think of.,Unsure,NA,NA,39840,39840
69d42f9c4bd9803351e64126,PP,PlotWise,PlotWise,connection-making,switch-question-response-a,Switch X/Y: correlation,"Let’s say a researcher has a correlation of .5 and a slope of .25. If they switched X and Y.

a. What would happen to the correlation?",Nothing,NA,NA,39840,39840
69d42f9c4bd9803351e64126,PP,PlotWise,PlotWise,connection-making,switch-question-response-b,Switch X/Y: slope,b. What would happen to the slope?,It would change,NA,NA,39840,39840
69d6384637b632d34190012d,PP,PlotWise,PlotWise,connection-making,q-different,How slope and correlation are different,Please list as many ways slope and correlation are different as you can think of.,Slope deals with how much something changes. The correlation deals with how closely those data points relate to each other.,NA,NA,188014,188014
69d6384637b632d34190012d,PP,PlotWise,PlotWise,connection-making,q-same,How slope and correlation are the same,Please list as many ways slope and correlation are the same as you can think of.,"Both are data points with using two variables, the predictor and the outcome. Both can show strength or weakness.",NA,NA,188014,188014
69d6384637b632d34190012d,PP,PlotWise,PlotWise,connection-making,switch-question-response-a,Switch X/Y: correlation,"Let’s say a researcher has a correlation of .5 and a slope of .25. If they switched X and Y.

a. What would happen to the correlation?",stay the same,NA,NA,188014,188014
69d6384637b632d34190012d,PP,PlotWise,PlotWise,connection-making,switch-question-response-b,Switch X/Y: slope,b. What would happen to the slope?,it would be the opposite,NA,NA,188014,188014
69e5784c8279ec7791f5c7c2,PP,PlotWise,PlotWise,connection-making,q-different,How slope and correlation are different,Please list as many ways slope and correlation are different as you can think of.,slope measures change and correlation measures the strength and direction of the relationship,NA,NA,81410,81410
69e5784c8279ec7791f5c7c2,PP,PlotWise,PlotWise,connection-making,q-same,How slope and correlation are the same,Please list as many ways slope and correlation are the same as you can think of.,they reprsent a relationship between x and y,NA,NA,81410,81410
69e5784c8279ec7791f5c7c2,PP,PlotWise,PlotWise,connection-making,switch-question-response-a,Switch X/Y: correlation,"Let’s say a researcher has a correlation of .5 and a slope of .25. If they switched X and Y.

a. What would happen to the correlation?",it would remain the same,NA,NA,81410,81410
69e5784c8279ec7791f5c7c2,PP,PlotWise,PlotWise,connection-making,switch-question-response-b,Switch X/Y: slope,b. What would happen to the slope?,it would become inverted,NA,NA,81410,81410
69e69bafa189bbf97f972a9a,PP,PlotWise,PlotWise,connection-making,q-different,How slope and correlation are different,Please list as many ways slope and correlation are different as you can think of.,slope has units. Correlation is unitless. Slope can be any number while correlation is -1 and +1. Slope is not symmetric. Correlation is symmetric.,NA,NA,377577,377577
69e69bafa189bbf97f972a9a,PP,PlotWise,PlotWise,connection-making,q-same,How slope and correlation are the same,Please list as many ways slope and correlation are the same as you can think of.,both describe relationships between two variables. Both show direction. Both come from linear relationships. Both based on how variables vary together. Both can equal 0 when there is no linear relationship.,NA,NA,377577,377577
69e69bafa189bbf97f972a9a,PP,PlotWise,PlotWise,connection-making,switch-question-response-a,Switch X/Y: correlation,"Let’s say a researcher has a correlation of .5 and a slope of .25. If they switched X and Y.

a. What would happen to the correlation?",the correlation would stay exactly the same,NA,NA,377577,377577
69e69bafa189bbf97f972a9a,PP,PlotWise,PlotWise,connection-making,switch-question-response-b,Switch X/Y: slope,b. What would happen to the slope?,the slope would change.,NA,NA,377577,377577
69e8b8d3a88ba7b372cefe9f,PP,PlotWise,PlotWise,connection-making,q-different,How slope and correlation are different,Please list as many ways slope and correlation are different as you can think of.,"Slope is an inference of what a line would look like given the average of many datapoints, but the correlation is what actually creates the line. The correlation are the real data points, but slope is a pattern extrapolated from the real data.",NA,NA,171974,171974
69e8b8d3a88ba7b372cefe9f,PP,PlotWise,PlotWise,connection-making,q-same,How slope and correlation are the same,Please list as many ways slope and correlation are the same as you can think of.,"They are the same in that they both follow the same general line shape. They both demonstrate the same trend of slope, but one does it more obviously.",NA,NA,171974,171974
69e8b8d3a88ba7b372cefe9f,PP,PlotWise,PlotWise,connection-making,switch-question-response-a,Switch X/Y: correlation,"Let’s say a researcher has a correlation of .5 and a slope of .25. If they switched X and Y.

a. What would happen to the correlation?",It stays the same.,NA,NA,171974,171974
69e8b8d3a88ba7b372cefe9f,PP,PlotWise,PlotWise,connection-making,switch-question-response-b,Switch X/Y: slope,b. What would happen to the slope?,It flips.,NA,NA,171974,171974
69ed0abf57b9596c4f695608,PP,PlotWise,PlotWise,connection-making,q-different,How slope and correlation are different,Please list as many ways slope and correlation are different as you can think of.,One describes the relationship of data points to each other (slope) and the correlation describes the data points in relation to the overall trend.,NA,NA,82308,82308
69ed0abf57b9596c4f695608,PP,PlotWise,PlotWise,connection-making,q-same,How slope and correlation are the same,Please list as many ways slope and correlation are the same as you can think of.,They're not really the same.,NA,NA,82308,82308
69ed0abf57b9596c4f695608,PP,PlotWise,PlotWise,connection-making,switch-question-response-a,Switch X/Y: correlation,"Let’s say a researcher has a correlation of .5 and a slope of .25. If they switched X and Y.

a. What would happen to the correlation?",The correlation wouldn't change.,NA,NA,82308,82308
69ed0abf57b9596c4f695608,PP,PlotWise,PlotWise,connection-making,switch-question-response-b,Switch X/Y: slope,b. What would happen to the slope?,The slope would invert.,NA,NA,82308,82308
69ed3447bad8df1a3928ef2e,PP,PlotWise,PlotWise,connection-making,q-different,How slope and correlation are different,Please list as many ways slope and correlation are different as you can think of.,"Correlation is stuck as being either -1, 0, 1 while slope can be of any value. Correlation is able to be swapped from X to Y and vice versa without changing, whereas slope will typically change to a different value.",NA,NA,214175,214175
69ed3447bad8df1a3928ef2e,PP,PlotWise,PlotWise,connection-making,q-same,How slope and correlation are the same,Please list as many ways slope and correlation are the same as you can think of.,"Both will have the same sign, either positive or negative. If the variables have no linear relationship then they will both have a value of zero.",NA,NA,214175,214175
69ed3447bad8df1a3928ef2e,PP,PlotWise,PlotWise,connection-making,switch-question-response-a,Switch X/Y: correlation,"Let’s say a researcher has a correlation of .5 and a slope of .25. If they switched X and Y.

a. What would happen to the correlation?",It would stay the same.,NA,NA,214175,214175
69ed3447bad8df1a3928ef2e,PP,PlotWise,PlotWise,connection-making,switch-question-response-b,Switch X/Y: slope,b. What would happen to the slope?,The slope to 0.5.,NA,NA,214175,214175
